id,title,genre,platform,release_year,units_sold,metascore,total_revenue
1,Remain Try Arena,Social Deduction,Xbox Series X,2019,4079808,91,199596895
2,Group Admit Saga,MOBA,PlayStation 5,2017,2238640,82,132197144
3,Only These Arena,Social Deduction,PC,2016,17660846,66,905945660
4,Such Body Saga,RPG,Nintendo Switch,2016,1913209,90,101312208
5,Article Help Chronicles,Roguelike,Xbox One,2017,1030775,74,48380446
6,Morning Beautiful Saga,Action-Adventure,PlayStation 4,2015,8087109,92,482214599
7,Old Wear Arena,Action-RPG,Xbox Series X,2017,14421493,78,840784291
8,Meeting Teach Arena,Action-Adventure,PC,2015,21383741,75,1026792288
9,Return Both Saga,Hero Shooter,PlayStation 4,2023,5804645,86,319590109
10,Style Within Arena,Metroidvania,PlayStation 4,2022,5373727,80,227370335
11,Owner Government Chronicles,Roguelike,Xbox Series X,2017,8175154,69,246711270
12,History Smile Quest,Simulation,Xbox One,2024,24370887,88,1028297821
13,Either Each Chronicles,Simulation,PC,2021,15094563,78,955433850
14,Put Page Arena,RPG,Nintendo Switch,2023,1779448,80,60295575
15,Marriage Threat Arena,Platformer,PlayStation 5,2016,21429055,69,1258357137
16,Site Debate Legacy,Social Deduction,PlayStation 5,2019,22729679,70,816657961
17,Major Reduce Quest,MOBA,PlayStation 5,2015,1280200,82,83537802
18,Next Authority Arena,Hero Shooter,Xbox Series X,2021,5694125,70,254218481
19,They Support Saga,RPG,Nintendo Switch,2023,24532461,80,765956102
20,Firm Possible Legacy,Roguelike,PlayStation 5,2018,9127071,90,532925490
21,Which Cultural Legacy,Action-RPG,Nintendo Switch,2023,16349277,77,738736681
22,Until And Legacy,Fighting,PlayStation 5,2015,21755514,80,951710910
23,Knowledge Treatment Arena,Sandbox,Xbox One,2021,18155325,71,699783885
24,Success Sort Legacy,Social Deduction,PlayStation 5,2022,3586055,91,182872761
25,View Poor Quest,MOBA,Xbox One,2016,12699919,81,482605981
26,Money Adult Legacy,Platformer,Nintendo Switch,2016,4868793,68,162060852
27,Common Teacher Legacy,RPG,PlayStation 4,2022,22403752,87,1474451864
28,Our Claim Quest,Hero Shooter,PlayStation 5,2022,23640902,69,809993343
29,Finally Ok Chronicles,MOBA,Xbox Series X,2017,19546614,71,626418818
30,Likely Travel Arena,Fighting,Xbox Series X,2016,11893200,65,429580123
31,Manage Such Arena,FPS,PlayStation 5,2019,6603977,82,395612343
32,Community Business Arena,Action-Adventure,PlayStation 4,2020,8912183,92,288839329
33,Statement Research Legacy,Simulation,PlayStation 4,2016,6244664,91,268071789
34,Consider Model Legacy,RPG,PlayStation 4,2017,22113675,71,808712630
35,From When Legacy,Platformer,Xbox One,2016,17778745,91,985987389
36,Also True Arena,Action-RPG,PC,2020,5122241,79,348678084
37,Him Time Chronicles,Simulation,Xbox One,2017,17229171,85,820544211
38,However Material Chronicles,Social Deduction,Xbox One,2021,23563368,73,947837226
39,Weight Community Legacy,Roguelike,Nintendo Switch,2015,587334,69,25699348
40,Commercial Source Quest,Roguelike,Xbox One,2019,11754850,72,550450815
41,Recent Large Saga,Platformer,PC,2018,21618254,89,1056090519
42,Girl Ever Chronicles,Action-Adventure,PlayStation 5,2021,19546180,69,777364345
43,But Manage Quest,Platformer,PC,2018,7692673,84,459331787
44,Deal Certain Chronicles,Action-RPG,PlayStation 4,2023,1738173,65,101938962
45,Debate Argue Quest,FPS,PlayStation 5,2022,12704634,89,386218119
46,Seek Wish Legacy,Fighting,Xbox One,2023,14226756,90,989468123
47,Manage Wrong Chronicles,FPS,PlayStation 4,2015,23007116,66,707570519
48,And Police Quest,Battle Royale,PlayStation 5,2020,14555819,94,1003014473
49,Once Direction Chronicles,Roguelike,Nintendo Switch,2020,11918863,90,450171734
50,Much Organization Saga,Metroidvania,Xbox One,2022,5934976,88,376074127
51,Country Home Chronicles,MOBA,PlayStation 4,2023,1378462,85,64331614
52,Throughout Professional Saga,Action-RPG,PC,2019,3090577,94,95432222
53,Long Without Quest,Social Deduction,PlayStation 4,2021,3284102,84,164209936
54,Interview Seek Saga,Action-Adventure,PlayStation 5,2015,23396538,83,1308918420
55,Professor Their Saga,Fighting,Xbox One,2021,11711878,90,408341058
56,Year Good Arena,Platformer,Nintendo Switch,2020,19346709,85,639649101
57,Any House Saga,Battle Royale,PlayStation 5,2018,18886634,95,1160994093
58,Medical Radio Quest,FPS,PlayStation 5,2023,5493255,67,255692421
59,Lot Two Quest,FPS,PlayStation 5,2018,4049250,76,273215462
60,Six Have Arena,RPG,Xbox One,2017,9719944,85,606536800
61,Fish Movement Quest,Hero Shooter,PlayStation 4,2020,9259959,91,364113573
62,Experience Never Saga,Simulation,PC,2017,12858255,90,655030088
63,Receive Coach Quest,Roguelike,Xbox One,2022,21927025,74,1492529969
64,Despite Use Saga,FPS,Xbox Series X,2022,16196768,81,815949123
65,Table Ago Saga,Sandbox,Xbox One,2018,12285598,83,428707074
66,Year Play Quest,Social Deduction,PlayStation 5,2024,1042907,82,38566378
67,Goal Speech Quest,Battle Royale,PlayStation 5,2019,7293582,95,497748635
68,Scientist Even Quest,Battle Royale,PC,2018,1682054,68,50988050
69,Perform Science Quest,MOBA,PlayStation 5,2016,19398871,84,635767636
70,Pressure Throughout Saga,Metroidvania,Xbox One,2018,19376854,95,1094533873
71,These Yeah Saga,Fighting,Nintendo Switch,2020,18530559,76,1184576263
72,Feel Whose Quest,Fighting,Xbox Series X,2023,18053817,91,1199134366
73,Full Town Saga,Social Deduction,Nintendo Switch,2018,23193450,84,1235684787
74,Image Believe Arena,Sandbox,Xbox Series X,2018,16094576,92,924293691
75,Term Economy Chronicles,Roguelike,Xbox Series X,2024,9885217,88,346172128
76,Reality What Arena,Roguelike,Xbox Series X,2020,10312136,79,671398692
77,Design Member Legacy,Fighting,Xbox Series X,2021,19934832,70,989591508
78,Near Pick Chronicles,Action-Adventure,Xbox One,2018,20949168,85,795207715
79,Notice While Chronicles,Metroidvania,PlayStation 4,2023,6784307,68,453606745
80,Member Table Legacy,RPG,Nintendo Switch,2022,3293514,68,175993225
81,Job Action Chronicles,Fighting,Xbox Series X,2020,5633242,65,354771741
82,Field Finally Legacy,Sandbox,Xbox Series X,2016,8680001,81,555318241
83,Away College Quest,Battle Royale,PC,2018,10988635,93,696549781
84,Deep Guess Saga,RPG,Xbox One,2021,1705461,87,97035476
85,Service Discussion Legacy,Metroidvania,Xbox One,2024,4520513,73,274639760
86,Federal Store Arena,Metroidvania,PlayStation 5,2022,9243080,83,537002722
87,So Water Legacy,Roguelike,PlayStation 5,2015,18079498,88,643489061
88,Peace Official Saga,Sandbox,Nintendo Switch,2019,20107332,81,889412408
89,Receive Worker Saga,Metroidvania,Xbox One,2024,847995,65,32529437
90,Street Place Arena,Action-RPG,Xbox One,2023,5631359,87,292985171
91,Assume Their Chronicles,Simulation,Nintendo Switch,2016,11976561,95,487665525
92,Raise Bring Chronicles,Battle Royale,PC,2016,15337054,93,648176918
93,Himself Near Chronicles,FPS,Xbox Series X,2017,10627513,95,524599194
94,Glass Scientist Saga,Sandbox,PC,2021,12272015,70,682047408
95,Assume Perform Legacy,Action-RPG,PlayStation 5,2024,6985267,89,424608270
96,Than Short Saga,Sandbox,PC,2017,9012584,79,303051370
97,Nearly Degree Quest,FPS,PlayStation 4,2017,23343660,78,1102909136
98,His Last Arena,MOBA,Xbox Series X,2021,7419174,79,268705951
99,Truth Really Arena,Action-RPG,PC,2024,13630183,89,758811397
100,Huge Them Legacy,Fighting,PlayStation 4,2019,784014,67,36682525
101,Billion Produce Saga,Sandbox,PlayStation 4,2022,807671,81,29333626
102,But About Legacy,Battle Royale,PlayStation 4,2024,22291956,86,947927012
103,Position Meet Arena,Roguelike,Xbox Series X,2019,12752649,94,789529221
104,Tree Choose Quest,Roguelike,Xbox One,2016,2357157,84,79229931
105,Daughter Power Saga,Sandbox,PlayStation 5,2019,1022871,74,36311117
106,Serve Year Quest,Hero Shooter,PC,2015,12017147,89,461936819
107,Young Price Saga,RPG,Xbox One,2022,6046408,67,414071387
108,The Less Legacy,Action-Adventure,Xbox One,2017,12560298,72,461560465
109,Of Field Legacy,Action-RPG,PlayStation 4,2019,5327195,91,201357130
110,Go Other Chronicles,MOBA,PlayStation 4,2019,19326175,88,1259208569
111,Vote Ago Arena,Action-RPG,Nintendo Switch,2015,7176362,82,222382149
112,Recognize Power Arena,Action-Adventure,PlayStation 4,2015,13588148,67,822230559
113,Friend Citizen Arena,Action-RPG,Xbox Series X,2022,16199243,86,540118715
114,Mrs Congress Arena,FPS,Xbox One,2023,1207659,82,77800597
115,Head Color Chronicles,Platformer,PC,2021,12784335,83,706567605
116,There Claim Quest,Fighting,Xbox Series X,2020,18766518,71,1242824343
117,Apply Heavy Legacy,Metroidvania,PC,2017,5125081,90,199745318
118,Much Able Arena,Sandbox,PlayStation 5,2021,15422773,85,830304454
119,Street National Chronicles,Fighting,PlayStation 4,2018,5695066,65,243899824
120,Near One Arena,Action-Adventure,Nintendo Switch,2016,6196132,82,329052282
121,Wear Well Legacy,Social Deduction,PC,2015,17617713,68,914197895
122,About Defense Arena,Hero Shooter,PlayStation 5,2022,11871352,82,458889211
123,Entire Hear Arena,Hero Shooter,PlayStation 5,2021,12328044,74,862329566
124,Finally Leave Arena,Simulation,Xbox Series X,2020,10176109,82,380556981
125,My Fast Quest,Social Deduction,PC,2017,11696393,82,575520369
126,Much Firm Legacy,Action-RPG,Nintendo Switch,2019,21223239,81,880374323
127,Close Age Quest,Sandbox,Xbox One,2021,7470905,71,447807344
128,A Prove Quest,Metroidvania,PlayStation 5,2020,7659339,95,533270996
129,Federal Week Saga,FPS,PlayStation 4,2020,4401236,67,280481255
130,Sense Mr Legacy,Simulation,Xbox One,2024,10674882,76,350309900
131,According Participant Saga,Hero Shooter,Xbox Series X,2015,13152949,89,484520742
132,Many Building Chronicles,Action-RPG,PlayStation 4,2016,15596308,88,1025870729
133,Age Health Legacy,MOBA,PC,2017,20363279,69,927313673
134,Very Technology Quest,FPS,PlayStation 4,2023,10099626,91,498422824
135,Any Especially Legacy,Social Deduction,PlayStation 4,2022,7668755,74,248441179
136,Recognize Month Saga,MOBA,PlayStation 4,2017,22954225,95,1603365703
137,Wish Up Arena,Battle Royale,PlayStation 5,2024,8095888,72,435003029
138,Key Land Arena,Action-Adventure,Nintendo Switch,2016,9916561,94,463879946
139,Sister Nearly Chronicles,Metroidvania,PlayStation 4,2016,9970259,83,469020309
140,Indicate Response Saga,Roguelike,Nintendo Switch,2023,11519648,77,670304909
141,Trouble Common Legacy,Roguelike,Xbox Series X,2022,20032860,92,677596396
142,May Consider Quest,Simulation,Xbox One,2024,10322501,80,516654453
143,Can North Saga,Platformer,Nintendo Switch,2019,5948630,87,304301204
144,Tonight Late Quest,RPG,Nintendo Switch,2023,2751789,90,99892550
145,Beautiful Girl Quest,Roguelike,PlayStation 5,2015,1262739,67,67770124
146,Check Thing Arena,FPS,PlayStation 5,2016,12254240,85,413750016
147,All Purpose Quest,Simulation,Nintendo Switch,2022,2309309,95,101487467
148,Write Field Chronicles,Social Deduction,PlayStation 5,2015,7879677,76,488171327
149,Camera Each Chronicles,Action-RPG,Xbox Series X,2022,2694948,83,139546949
150,Language Medical Chronicles,Platformer,PC,2024,11285061,75,709376779
151,Must Leader Saga,Hero Shooter,Xbox One,2016,3417674,66,228365458
152,Exactly Office Quest,Sandbox,PlayStation 4,2017,20181719,82,723440382
153,Discover Miss Chronicles,Sandbox,PlayStation 4,2022,9488359,92,562985152
154,Help Drug Arena,Fighting,PC,2017,14016243,91,516356720
155,By For Quest,Action-Adventure,PC,2020,13327242,81,735506713
156,Toward Research Chronicles,Metroidvania,PC,2017,865040,92,57972295
157,Wonder Cover Saga,RPG,PC,2019,16351545,81,688745583
158,Safe Sort Chronicles,Action-RPG,Xbox Series X,2022,10888741,76,513624542
159,Charge Hair Legacy,Roguelike,PC,2018,19726846,78,822580101
160,Must Live Quest,FPS,Xbox Series X,2022,23884356,80,1607811023
161,This Class Arena,Roguelike,PlayStation 4,2018,13602421,75,530280170
162,Event Push Chronicles,Action-Adventure,PlayStation 4,2024,11901489,90,396696039
163,Total Machine Quest,Social Deduction,Nintendo Switch,2020,18775652,71,1088247753
164,Type Where Saga,Battle Royale,Xbox Series X,2023,10930367,74,760329811
165,Similar Dark Legacy,Simulation,PlayStation 4,2018,7267443,89,310994585
166,Back Why Arena,Action-Adventure,Xbox One,2016,6861032,71,373270933
167,Adult Condition Chronicles,Social Deduction,Xbox One,2015,10850361,93,454465479
168,Month Positive Saga,RPG,Xbox One,2024,6330447,76,430191068
169,Pick Memory Saga,Platformer,Xbox One,2015,10413357,85,495061254
170,Which Skin Quest,Battle Royale,PC,2015,10937201,89,422875687
171,It Myself Chronicles,Fighting,PC,2016,24501028,78,1604912858
172,Wait Democrat Arena,Platformer,PlayStation 5,2019,15311921,70,646277741
173,Wide Near Chronicles,Platformer,Nintendo Switch,2018,10095739,95,358098007
174,Loss Participant Saga,Action-RPG,PlayStation 4,2021,18227884,72,560726756
175,Build True Arena,Social Deduction,PlayStation 5,2017,24281982,85,1562610401
176,Technology Home Arena,Platformer,PC,2017,24571826,76,1088420526
177,Billion Race Chronicles,Fighting,Xbox One,2021,4087679,69,139203036
178,Word Give Saga,Metroidvania,PC,2016,23200378,80,703613609
179,Group Soon Arena,Hero Shooter,PlayStation 4,2020,5235640,82,238281767
180,Dark Plant Legacy,Social Deduction,PlayStation 4,2018,5348483,75,231047144
181,Consumer Star Legacy,MOBA,Nintendo Switch,2024,7591373,79,334183180
182,Any Total Chronicles,Simulation,PlayStation 5,2024,1772021,69,86852265
183,News Continue Legacy,Sandbox,Xbox Series X,2016,4276154,66,260351267
184,Pretty These Saga,Battle Royale,PlayStation 5,2019,8301347,79,412358490
185,Commercial Election Quest,Platformer,Xbox One,2016,4417219,80,205504460
186,Build Finally Chronicles,Simulation,Nintendo Switch,2019,9595040,86,455627830
187,Treatment Build Quest,Simulation,Xbox One,2015,9223321,88,507196057
188,Alone Fire Quest,RPG,PlayStation 4,2022,10354880,71,336397117
189,Scientist Language Chronicles,MOBA,Xbox Series X,2018,16165457,81,538140747
190,Exactly Present Arena,FPS,PlayStation 4,2016,20136893,71,1403477897
191,Develop Leave Legacy,Hero Shooter,Xbox Series X,2020,19887657,83,1009529846
192,Base Arm Chronicles,Hero Shooter,Xbox One,2023,6182736,66,358530629
193,Girl Compare Arena,Social Deduction,PlayStation 4,2024,6891523,71,288143262
194,Film Floor Quest,Action-Adventure,PlayStation 4,2019,9511975,85,637875975
195,Second Song Quest,Fighting,Xbox One,2016,22221858,67,730523775
196,Including Evening Legacy,Roguelike,Nintendo Switch,2015,7874806,80,497299404
197,No Gun Arena,MOBA,PlayStation 4,2016,21290454,85,1331389107
198,Past Call Legacy,RPG,Xbox One,2017,7711717,89,433095714
199,News Mind Arena,Social Deduction,PlayStation 5,2016,8207167,67,353123434
200,Enter Note Chronicles,Metroidvania,Xbox Series X,2023,5450112,83,280213158
201,Street Card Legacy,Roguelike,PlayStation 4,2023,23387260,91,1301320551
202,Treatment Such Saga,Fighting,Xbox One,2015,21198253,88,1457406354
203,Read Those Saga,Platformer,Xbox One,2017,13690019,79,936911612
204,Capital Memory Saga,FPS,PlayStation 4,2023,9412057,84,635829606
205,Machine By Chronicles,Metroidvania,PlayStation 5,2023,10610906,94,572566570
206,Box Result Saga,MOBA,Nintendo Switch,2022,13038362,74,560583396
207,Matter Network Saga,FPS,PC,2024,9921156,94,439859009
208,Each Trouble Chronicles,Sandbox,Nintendo Switch,2015,22525260,65,1253085406
209,Small Arm Quest,Roguelike,Xbox One,2016,5917775,72,319539860
210,Election Sound Arena,FPS,Nintendo Switch,2019,10236670,80,611470158
211,Than Present Quest,Hero Shooter,PlayStation 5,2016,8285113,75,313650721
212,Base Appear Saga,Roguelike,PlayStation 5,2023,4665315,68,306461602
213,Mother Go Quest,Action-Adventure,PC,2021,16151754,77,639809102
214,Movement Wall Arena,Metroidvania,PlayStation 5,2023,20112297,95,1060870167
215,Explain Until Quest,Action-Adventure,PlayStation 5,2022,17769123,70,844674152
216,This Training Chronicles,Social Deduction,Nintendo Switch,2023,14191864,84,828587006
217,Space Tax Legacy,Fighting,Xbox One,2017,1391341,88,50944017
218,Raise Particular Saga,Fighting,PlayStation 4,2020,21235459,85,1241043551
219,Tell Sometimes Arena,MOBA,PlayStation 4,2021,590266,70,41154645
220,Tree Feeling Quest,Action-RPG,Nintendo Switch,2021,1903515,80,91790841
221,General High Saga,MOBA,PlayStation 5,2020,22063947,85,763537365
222,Also Put Quest,Action-RPG,PC,2015,20001963,65,1374290878
223,Position Certain Chronicles,FPS,PlayStation 4,2015,10351864,90,546454436
224,Society Quite Quest,MOBA,Nintendo Switch,2022,3354328,89,128076714
225,Leader Sell Saga,Action-RPG,Xbox One,2022,7573610,81,519967888
226,Action Listen Arena,MOBA,PlayStation 4,2017,22985874,67,1545342687
227,Produce Could Quest,Hero Shooter,Xbox One,2021,13137947,94,911713563
228,Whether Mission Saga,Roguelike,PlayStation 4,2021,19704092,79,802423646
229,Population Media Quest,Action-Adventure,PC,2017,4141438,92,281644538
230,Case Program Legacy,Roguelike,PlayStation 5,2022,12098910,93,525962706
231,Hair Man Quest,Action-RPG,Nintendo Switch,2023,13963062,81,780075892
232,Computer Form Arena,FPS,PlayStation 4,2022,8947729,90,563092712
233,Owner Plan Quest,Hero Shooter,Xbox One,2023,7556520,67,390519682
234,International Door Saga,FPS,PlayStation 5,2021,3411235,89,213693641
235,Risk Soldier Arena,Social Deduction,Xbox Series X,2017,15827144,71,1050975194
236,Today Support Arena,Sandbox,Xbox Series X,2022,12807794,95,517611561
237,Great Son Quest,Action-Adventure,Xbox Series X,2024,1057276,74,48053726
238,Create Marriage Legacy,Sandbox,Xbox One,2024,14818728,65,1018644984
239,Thing His Saga,Metroidvania,Nintendo Switch,2021,14852090,77,637016341
240,Sure In Saga,FPS,Xbox Series X,2019,11926508,94,467053680
241,Knowledge Perhaps Chronicles,Simulation,PC,2022,14987705,78,974096376
242,Cell Reach Chronicles,Sandbox,Xbox Series X,2017,893974,95,36941448
243,Contain Stuff Saga,Platformer,Xbox One,2024,10131461,81,477059126
244,Order Full Chronicles,FPS,PlayStation 5,2020,12480530,78,695190883
245,Ok Across Saga,Metroidvania,Xbox One,2023,16324676,95,743569889
246,Imagine Establish Chronicles,Action-RPG,Nintendo Switch,2024,1513366,85,45697113
247,Begin Large Chronicles,Action-RPG,PlayStation 4,2023,15309737,74,806468715
248,Speak Discover Legacy,Hero Shooter,Xbox One,2017,21485726,71,1042823791
249,Place Hour Saga,Social Deduction,Xbox One,2020,8024553,78,345809813
250,Teacher Young Arena,Action-RPG,PlayStation 4,2022,21838000,71,1504854311
251,Similar Again Saga,Hero Shooter,Xbox One,2022,24852215,90,932869659
252,Author Or Arena,MOBA,PlayStation 4,2019,14011731,84,721651314
253,Develop Instead Arena,Action-Adventure,Xbox One,2015,22579147,67,1324035751
254,Tax Former Saga,Hero Shooter,PlayStation 4,2023,20041771,80,654978466
255,Audience Officer Saga,Roguelike,PlayStation 5,2015,12608651,75,755530419
256,Single Place Arena,RPG,Xbox One,2016,12746409,76,398762435
257,Participant Claim Saga,MOBA,PlayStation 4,2018,16465459,84,608699962
258,Present Character Legacy,Platformer,PlayStation 4,2018,14591533,67,892192143
259,Past There Saga,Hero Shooter,Xbox Series X,2017,7142192,83,281445685
260,Answer Weight Legacy,Battle Royale,PC,2015,10410036,91,344184726
261,Measure Experience Quest,Battle Royale,Xbox One,2017,15716718,94,484259258
262,Various Investment Saga,Battle Royale,PC,2021,4495924,76,274054624
263,Design Ability Quest,Battle Royale,PC,2016,6162527,75,282638356
264,Long Scene Quest,MOBA,PC,2019,24495265,65,1684310814
265,Bad Describe Arena,Sandbox,Xbox One,2023,5310090,68,231687672
266,Hot Goal Legacy,Action-RPG,PlayStation 5,2023,11052218,75,737377747
267,With Billion Arena,Action-RPG,Xbox One,2021,14012301,91,488531367
268,Get Sit Legacy,Action-Adventure,PC,2021,24457412,73,1318211103
269,Federal Account Arena,RPG,Nintendo Switch,2015,10649355,87,600714371
270,Then Prepare Chronicles,Simulation,PC,2015,8701388,78,325029282
271,Majority My Quest,FPS,Xbox Series X,2015,22000275,74,1334006069
272,Charge Perhaps Saga,Battle Royale,PlayStation 5,2018,12352860,78,531825038
273,Product Performance Arena,MOBA,Nintendo Switch,2019,9438065,76,563973024
274,Safe Compare Saga,Action-Adventure,Xbox One,2022,20445186,65,962605524
275,Expect Indicate Legacy,Simulation,PlayStation 5,2020,22092041,91,1108995900
276,Old Interesting Chronicles,Roguelike,PC,2018,20248952,78,1262528689
277,There Fly Arena,FPS,Nintendo Switch,2019,23168556,70,925342981
278,Involve At Chronicles,Battle Royale,PC,2024,18028855,82,1193002108
279,Agreement Hot Arena,FPS,PC,2017,16127980,66,1076391997
280,Identify Open Quest,Fighting,Xbox One,2016,12572470,75,434879255
281,Pass Quickly Legacy,Sandbox,Xbox Series X,2018,12094535,74,570317999
282,Way Person Legacy,Action-Adventure,PlayStation 5,2015,9019739,78,301532014
283,Listen Wind Saga,RPG,PlayStation 5,2017,12067274,69,742527283
284,Music One Arena,Platformer,Xbox Series X,2020,19112806,75,830228312
285,Think Mention Quest,Action-RPG,PlayStation 5,2018,10792219,71,369552267
286,Man Plan Chronicles,Action-RPG,Xbox One,2019,23932725,79,1433763850
287,Foreign Score Quest,Battle Royale,Xbox Series X,2024,5945285,79,210004861
288,Program Suddenly Saga,Social Deduction,Xbox One,2017,24126247,66,1672661993
289,Church Moment Quest,Action-RPG,Xbox One,2023,8417330,83,453039648
290,Up Energy Chronicles,Hero Shooter,Xbox Series X,2018,23195932,71,1611024683
291,Everybody Sit Legacy,FPS,PlayStation 5,2023,6486473,76,289800519
292,Itself Perhaps Quest,Platformer,PlayStation 5,2017,23697016,88,765088956
293,Hard Start Chronicles,Action-Adventure,Xbox Series X,2018,24736877,90,1484293961
294,Whatever Human Chronicles,Metroidvania,PC,2021,22133924,83,878083857
295,Trip Hand Saga,Roguelike,PlayStation 5,2024,9461596,85,370475081
296,Environmental Field Arena,Roguelike,Nintendo Switch,2015,3437769,90,134806378
297,Almost Out Legacy,RPG,Nintendo Switch,2024,3508146,76,130551393
298,Past Rule Chronicles,Metroidvania,Xbox One,2024,16311993,70,1060561107
299,Play Rest Arena,Hero Shooter,PlayStation 5,2019,4590632,81,214892203
300,School Effort Arena,RPG,Xbox One,2020,17201146,81,644901261
301,Attorney Forget Arena,Social Deduction,PC,2019,5203421,74,355725771
302,First Series Arena,Action-Adventure,PlayStation 4,2020,15151213,71,618374384
303,Score Act Legacy,Metroidvania,Xbox One,2018,21009546,88,909300468
304,Somebody Again Legacy,Battle Royale,Xbox Series X,2016,24662448,84,1403231850
305,Standard Until Saga,Platformer,Xbox Series X,2016,13608767,79,610743606
306,Lot Good Arena,Metroidvania,PlayStation 5,2017,8513001,66,415757773
307,Throw Sometimes Saga,Sandbox,PlayStation 5,2021,18433526,67,768230769
308,Wife Hear Saga,Metroidvania,Nintendo Switch,2022,24117154,74,1329195102
309,Member Surface Arena,Roguelike,Nintendo Switch,2024,9277303,95,323183675
310,Base Size Quest,Social Deduction,Nintendo Switch,2018,1340088,77,87421018
311,Light Black Saga,RPG,PlayStation 5,2020,17333953,81,1203133233
312,Bring Star Saga,Action-RPG,Xbox Series X,2016,21803772,92,1024947123
313,Too View Saga,Action-RPG,PlayStation 4,2017,19116059,89,1076688473
314,Look Right Quest,Metroidvania,PlayStation 4,2017,9046844,82,483744593
315,Usually Money Legacy,Sandbox,PlayStation 5,2017,8578791,86,298162599
316,Election Somebody Saga,Simulation,Nintendo Switch,2016,9008400,71,330604405
317,Stuff Say Legacy,MOBA,PlayStation 5,2024,18738218,85,661057102
318,Figure Beautiful Arena,Hero Shooter,Xbox One,2015,3798392,85,197384558
319,Now Still Chronicles,Platformer,Xbox One,2024,2243618,90,70509596
320,Water Piece Legacy,Action-RPG,PC,2023,13059242,71,714698255
321,Black Mean Quest,Action-RPG,PlayStation 5,2022,24546621,86,1354409762
322,Staff Price Quest,Battle Royale,PC,2020,10130403,84,535669125
323,Report Simple Arena,MOBA,PC,2024,15602169,92,752031343
324,Already Market Arena,Simulation,Nintendo Switch,2017,5642894,95,323476877
325,Rich Carry Saga,Battle Royale,Xbox Series X,2024,14413692,74,538015370
326,Enter May Saga,Social Deduction,PC,2019,23472705,76,1542145238
327,Chair Part Chronicles,Metroidvania,Xbox One,2016,2346878,92,76192294
328,View Hospital Arena,Metroidvania,PC,2017,7457801,65,485642137
329,Former New Arena,Action-RPG,Xbox One,2019,4521450,95,215207434
330,International Sing Chronicles,Metroidvania,Xbox Series X,2024,2903690,70,164167500
331,Phone Present Chronicles,Sandbox,Xbox Series X,2019,23172964,79,1055798548
332,Forget Stuff Arena,Action-RPG,Nintendo Switch,2018,23025184,70,1172147556
333,And Father Quest,RPG,Xbox One,2021,22292932,86,1489529872
334,We Line Chronicles,Battle Royale,Xbox One,2016,16079514,93,1028561114
335,Front Position Arena,Simulation,Xbox Series X,2021,10409205,73,483640119
336,See Wonder Legacy,Hero Shooter,PlayStation 5,2023,2980592,76,196904189
337,Fish Important Legacy,FPS,Xbox Series X,2020,8568606,72,447180500
338,Today Final Quest,Simulation,PlayStation 5,2016,3791818,93,229984286
339,Over Financial Arena,RPG,PlayStation 4,2018,12055057,71,424989500
340,Bag Woman Quest,Platformer,PlayStation 4,2023,3044188,80,126925448
341,Institution Current Quest,Platformer,Xbox Series X,2015,21237223,95,884233201
342,Campaign Care Saga,Roguelike,Nintendo Switch,2017,8385504,69,537332072
343,Enter General Chronicles,RPG,Xbox One,2015,2307303,82,128467006
344,Bar Not Legacy,FPS,PlayStation 5,2016,20253705,86,1298156503
345,Movement Security Chronicles,Sandbox,Xbox One,2022,9011138,80,510655521
346,International Here Legacy,Platformer,Xbox Series X,2018,12760222,94,669608959
347,Score Vote Quest,Simulation,Nintendo Switch,2016,10159032,80,512335128
348,Into Buy Legacy,Roguelike,PlayStation 5,2019,16558768,80,623163468
349,Marriage Feeling Chronicles,Platformer,Nintendo Switch,2022,23467471,76,820006674
350,Economy Produce Legacy,FPS,PlayStation 5,2019,10988127,71,693059688
351,Participant Hear Legacy,RPG,Nintendo Switch,2022,4429702,65,208075095
352,Meeting Street Arena,MOBA,PlayStation 5,2021,15622594,90,515951390
353,Set Present Quest,Hero Shooter,PlayStation 4,2022,22353748,65,1159147925
354,Into Assume Chronicles,Action-Adventure,PlayStation 5,2020,11165014,78,365563393
355,Cup If Saga,RPG,Xbox One,2017,13552635,88,744104375
356,Push Again Saga,FPS,Xbox One,2016,20401055,92,710851542
357,Education Central Arena,Platformer,Nintendo Switch,2024,21961344,95,1354322029
358,Recently Pm Chronicles,Action-RPG,PlayStation 4,2023,17596806,71,536550759
359,Memory Theory Legacy,FPS,PlayStation 4,2023,17037222,93,1007468236
360,Yourself Discussion Legacy,Simulation,Xbox Series X,2023,17426290,85,865879188
361,Practice Price Legacy,Hero Shooter,PC,2016,6970438,66,224867297
362,Goal We Saga,Action-Adventure,PlayStation 4,2018,20426104,88,885350533
363,Send Specific Arena,Roguelike,PC,2024,13225405,95,709072870
364,Skin Require Chronicles,Simulation,PlayStation 5,2016,1442068,95,57666155
365,Economy Entire Saga,Platformer,PlayStation 4,2023,6930543,87,317957730
366,Six Respond Legacy,Battle Royale,PC,2019,17204606,85,845267209
367,Take Outside Legacy,RPG,PC,2016,24010095,79,1350154254
368,Order Role Chronicles,Social Deduction,PlayStation 4,2017,16780970,89,1001209120
369,Third Firm Arena,Action-RPG,Nintendo Switch,2018,1346033,78,48031563
370,Support She Arena,Roguelike,PC,2015,14342719,92,772966650
371,Smile Feel Quest,MOBA,PlayStation 5,2024,16131632,75,845701049
372,Full Customer Legacy,Action-Adventure,Nintendo Switch,2017,11947153,77,369121233
373,Charge Beyond Arena,Action-RPG,PlayStation 4,2017,12940500,70,811646583
374,Take Social Arena,Sandbox,PlayStation 4,2018,6936546,95,209569008
375,Voice Report Saga,Action-RPG,Xbox One,2017,2325744,77,136952255
376,Give Follow Legacy,MOBA,Xbox Series X,2022,15755462,84,484708231
377,Support View Legacy,Platformer,PlayStation 5,2015,18592161,71,953468111
378,Ability Which Legacy,FPS,PC,2016,21346449,72,1371625553
379,Clearly House Chronicles,Sandbox,Nintendo Switch,2020,23741794,72,850912939
380,Never Win Saga,Sandbox,Xbox Series X,2024,18684426,75,938169256
381,Bit By Arena,Battle Royale,PlayStation 5,2023,18905795,67,1073772122
382,Image Democrat Saga,Roguelike,PlayStation 5,2021,6917735,92,282665033
383,Represent Treatment Legacy,Social Deduction,PlayStation 5,2019,4312006,80,141272112
384,Defense Just Arena,Social Deduction,Xbox Series X,2023,17480419,75,559668703
385,Rest Role Quest,Action-Adventure,Nintendo Switch,2019,11546331,94,387902584
386,During Recent Arena,Sandbox,Xbox Series X,2022,8021893,81,253902566
387,Risk Painting Quest,Social Deduction,PlayStation 4,2019,2304009,93,100127727
388,Level Account Arena,FPS,PC,2024,17660317,67,865938468
389,Remember How Saga,Sandbox,PC,2021,18083643,83,1227121521
390,Heavy Rather Legacy,Simulation,Xbox One,2023,18978575,77,643716362
391,Fear Themselves Arena,Roguelike,Xbox Series X,2017,7839693,86,421558744
392,Make Window Chronicles,Sandbox,Xbox Series X,2022,3968863,94,149663397
393,Often Simply Quest,Simulation,Xbox Series X,2016,14320990,79,815632234
394,Despite Build Chronicles,Social Deduction,Xbox Series X,2019,2476594,74,161808638
395,Rich Goal Quest,Fighting,PlayStation 5,2019,5637828,86,231321704
396,Remain Analysis Saga,FPS,Xbox One,2019,2929290,80,126054001
397,Food Task Chronicles,MOBA,Xbox Series X,2021,18039735,80,982520981
398,Analysis Bring Arena,Social Deduction,PlayStation 5,2015,3673455,70,232828247
399,Rock Rise Quest,Platformer,PlayStation 4,2019,17586569,88,785018510
400,Section Mean Quest,Action-RPG,PlayStation 5,2022,3015438,94,189306844
401,Memory Security Saga,Battle Royale,Xbox Series X,2022,1697516,82,111437688
402,Guess Bill Saga,Sandbox,Nintendo Switch,2021,13602320,81,557649277
403,Trade Whether Chronicles,Roguelike,Xbox One,2022,24098317,67,953572208
404,Before Project Quest,Action-Adventure,Xbox Series X,2016,16673487,87,738207700
405,Generation Six Legacy,RPG,PC,2024,4114969,77,214380772
406,Month Break Chronicles,FPS,PC,2018,9828719,90,474698269
407,As Bad Legacy,Platformer,PlayStation 4,2016,19196321,67,603562630
408,Meet Around Quest,Hero Shooter,PC,2023,20058090,69,954649834
409,Become Field Arena,FPS,Xbox Series X,2024,24819084,86,1126125385
410,Middle Eye Quest,Sandbox,Xbox Series X,2018,18212475,72,1083187705
411,Never Peace Saga,Metroidvania,PlayStation 4,2019,24231957,92,1354063880
412,Attorney Impact Saga,Battle Royale,PC,2015,20589400,87,1296284765
413,Oil Over Legacy,FPS,Xbox Series X,2024,6115165,87,396620901
414,Peace Kitchen Saga,Social Deduction,Xbox Series X,2019,11872087,87,456646588
415,Director Finally Legacy,RPG,PlayStation 5,2024,9269194,74,372025015
416,On Itself Arena,Battle Royale,PlayStation 4,2015,17328241,83,1125244070
417,Security Everyone Legacy,Action-Adventure,Xbox Series X,2017,6385666,70,395675055
418,Although Man Arena,Fighting,Xbox One,2023,2191997,85,147042352
419,Into Whose Legacy,Battle Royale,PlayStation 5,2018,18258111,90,998385193
420,Size Cell Arena,Battle Royale,PlayStation 4,2023,20326385,82,755461154
421,Role Guess Chronicles,Platformer,PC,2023,4586655,81,163023173
422,Family Quality Saga,FPS,Xbox One,2016,10853342,94,470508464
423,Three Southern Legacy,MOBA,PlayStation 4,2018,8440334,82,351999483
424,Force Baby Quest,Hero Shooter,PlayStation 4,2022,9268084,77,398759354
425,I Child Saga,MOBA,Xbox Series X,2020,2325874,82,140006356
426,Policy Cold Arena,FPS,PC,2015,1767948,80,95140645
427,Bring Arm Legacy,Social Deduction,PC,2020,12526888,82,642784373
428,Manage Letter Arena,Social Deduction,Xbox Series X,2019,4384088,90,231229374
429,Data Everyone Legacy,Action-Adventure,PlayStation 4,2017,13953383,70,756289898
430,Book Evening Legacy,Platformer,Xbox Series X,2016,23730694,66,1112112242
431,Professor Magazine Saga,MOBA,PC,2022,12936045,70,547613008
432,Cover Animal Saga,Roguelike,Xbox Series X,2015,2953057,90,122377968
433,Score Wall Chronicles,Action-Adventure,PlayStation 5,2023,12173189,86,415134557
434,Here Also Quest,Fighting,Xbox Series X,2022,8609585,84,275131507
435,Often Training Arena,MOBA,Xbox Series X,2016,20030240,87,662854936
436,Reality Light Legacy,Action-RPG,Nintendo Switch,2015,8310953,65,509802942
437,Edge Knowledge Legacy,FPS,PlayStation 4,2015,3728370,82,129152903
438,New Sport Saga,Action-Adventure,Xbox Series X,2015,16961923,94,670734498
439,Garden Say Quest,Action-RPG,Xbox Series X,2016,3119691,95,163457153
440,Open Blood Arena,Platformer,PlayStation 4,2015,14423261,69,739725052
441,Traditional Hit Legacy,Action-Adventure,PlayStation 5,2024,20516980,74,964838219
442,Adult New Chronicles,Fighting,PlayStation 5,2015,5080414,84,332672425
443,Event People Saga,Action-RPG,PlayStation 4,2016,5854097,87,389887098
444,Specific College Saga,Simulation,PC,2022,8462494,68,425965827
445,Kid Idea Saga,Simulation,PlayStation 5,2016,16987856,71,932789579
446,Assume Which Chronicles,Battle Royale,PC,2022,12979157,90,479922591
447,Better Value Quest,RPG,PlayStation 4,2023,6077971,70,233779416
448,Defense Herself Quest,Simulation,PlayStation 5,2016,5510913,83,200392541
449,Chair Now Saga,Sandbox,PC,2022,19732807,65,894164424
450,Race Federal Legacy,MOBA,PlayStation 5,2022,17732382,81,685006935
451,Star Arm Legacy,RPG,PC,2017,15021444,82,786165173
452,Blue Shake Saga,Hero Shooter,Nintendo Switch,2020,14443078,68,839277866
453,Executive Six Legacy,MOBA,PlayStation 4,2024,13190234,83,545007976
454,Hundred Make Quest,RPG,PlayStation 4,2018,21375941,65,1460553962
455,Hear Resource Chronicles,RPG,PlayStation 5,2023,24527227,79,1377616947
456,Include Someone Arena,Hero Shooter,PlayStation 5,2023,11285962,84,634924490
457,Race Contain Chronicles,FPS,Xbox One,2022,6942833,76,373528399
458,Mouth With Arena,Simulation,Nintendo Switch,2016,8454026,94,404113363
459,Economic Movement Chronicles,Action-Adventure,Nintendo Switch,2015,13162151,79,470662742
460,Worry Politics Legacy,Platformer,PC,2020,9383599,67,629513254
461,Door Meet Saga,FPS,PlayStation 5,2016,10111936,91,408768294
462,Everything Current Chronicles,Hero Shooter,PlayStation 4,2018,11584986,74,665249440
463,Be Able Saga,Simulation,PlayStation 4,2024,967792,75,61319136
464,Service Among Legacy,Hero Shooter,PC,2019,5617775,67,384718125
465,Both For Arena,FPS,Xbox One,2024,17039200,78,613105653
466,Bar Describe Legacy,RPG,PlayStation 5,2018,22804453,77,699950124
467,In Environment Quest,FPS,PC,2022,11337399,94,614143889
468,Good Cup Saga,MOBA,Xbox One,2016,5477038,72,216815927
469,Truth Six Legacy,Action-Adventure,PlayStation 4,2017,22246285,87,715643235
470,Mrs Lay Chronicles,Simulation,PlayStation 4,2021,17725759,66,1073349252
471,Prove Campaign Arena,Action-Adventure,PC,2016,19699240,68,912209758
472,Letter Practice Chronicles,RPG,Nintendo Switch,2020,8901109,74,580452600
473,Performance Deal Quest,MOBA,PlayStation 5,2016,9276000,77,290448158
474,Red Them Arena,Social Deduction,PlayStation 5,2016,4175572,94,148803592
475,Specific College Arena,Action-Adventure,PlayStation 4,2024,23382359,94,1197799666
476,Simply Staff Legacy,Sandbox,Xbox Series X,2016,14971700,76,710403054
477,Do Available Chronicles,Action-Adventure,Nintendo Switch,2015,24980259,72,1236644760
478,Federal Room Quest,Sandbox,Nintendo Switch,2023,22394105,71,1470874463
479,Real Method Chronicles,RPG,Nintendo Switch,2024,11525347,73,474480216
480,Choose Account Arena,RPG,PC,2018,5330734,95,359235979
481,Make Easy Legacy,Hero Shooter,PlayStation 4,2022,15252551,66,733091872
482,Short Surface Quest,Platformer,Xbox One,2015,5575555,78,372664638
483,Administration View Legacy,Hero Shooter,PC,2016,2314795,73,156687515
484,Without Throw Legacy,Simulation,Nintendo Switch,2016,11788988,80,763504747
485,Different Single Arena,FPS,PlayStation 5,2021,13290047,93,815270821
486,Performance Weight Saga,FPS,PlayStation 5,2023,5453750,89,263885039
487,Fill Pressure Arena,Fighting,PlayStation 5,2020,6172942,88,431298035
488,Time Allow Arena,Metroidvania,Xbox Series X,2015,5883703,83,399766475
489,Away Role Chronicles,Battle Royale,Nintendo Switch,2016,17235802,84,573722460
490,Some Western Legacy,Metroidvania,PlayStation 5,2018,15826426,73,1106206868
491,Lot Would Legacy,Roguelike,Xbox One,2022,17111914,80,606999016
492,Material Character Legacy,Roguelike,Nintendo Switch,2020,2480700,92,119286940
493,Child Campaign Quest,MOBA,PlayStation 5,2021,19926001,73,597670710
494,Stage Expect Arena,FPS,PC,2015,1347371,89,50585733
495,Give Analysis Chronicles,Battle Royale,PlayStation 4,2024,4084366,69,148675133
496,Campaign Improve Saga,Action-RPG,Nintendo Switch,2016,16103272,80,896018884
497,Still Word Arena,Social Deduction,Xbox One,2019,3284800,66,124871485
498,Life True Chronicles,Action-RPG,Xbox One,2017,9053036,95,531554249
499,Involve Social Quest,Sandbox,PlayStation 5,2017,22016966,76,903447012
500,Collection Water Saga,MOBA,Xbox Series X,2021,16856587,81,1008090626
501,Arm Short Saga,Platformer,PlayStation 4,2021,14737981,70,932261780
502,Analysis Will Arena,Fighting,PC,2017,1756103,81,104933635
503,Pressure Suggest Chronicles,Hero Shooter,Xbox One,2015,17552326,71,1041229915
504,Store Prepare Saga,Social Deduction,PC,2022,13600915,83,539149486
505,Strong Power Chronicles,RPG,Nintendo Switch,2022,9252515,77,579467547
506,High General Chronicles,Hero Shooter,PlayStation 4,2018,22320867,73,866540811
507,Teach Perhaps Quest,Action-Adventure,Xbox Series X,2020,12191519,76,711036959
508,Hear Others Arena,Fighting,Xbox Series X,2020,13592450,69,422249252
509,Into Image Chronicles,Social Deduction,PlayStation 4,2023,13557300,86,671991641
510,Yet Range Chronicles,Social Deduction,PlayStation 5,2022,16626190,92,602600842
511,Analysis Lay Saga,MOBA,PlayStation 4,2023,14628440,69,784134374
512,Daughter Thing Arena,Hero Shooter,Xbox Series X,2017,11366805,91,663266219
513,Crime Rise Arena,Social Deduction,PlayStation 4,2022,15415549,67,593722275
514,She Would Chronicles,Social Deduction,Xbox One,2021,18861471,75,814160903
515,Kid Role Legacy,Fighting,Nintendo Switch,2021,13025830,91,677945789
516,Benefit Statement Arena,Roguelike,PC,2015,2184722,70,128739012
517,Local Table Saga,Sandbox,PlayStation 4,2021,22968682,68,1194223132
518,Amount Step Legacy,Metroidvania,Xbox One,2020,20622865,84,993729413
519,Itself East Arena,Action-Adventure,PlayStation 4,2021,3578007,76,145379658
520,Understand Member Saga,Hero Shooter,Nintendo Switch,2017,16903375,86,976070457
521,Can Foot Legacy,Action-RPG,PlayStation 4,2018,2180520,70,148774540
522,Success Huge Quest,Metroidvania,Xbox Series X,2021,3467399,91,192662039
523,Family Produce Quest,Action-Adventure,PC,2021,3202633,85,138871360
524,Song Traditional Chronicles,Metroidvania,PC,2018,16424547,73,702976970
525,Current Want Legacy,Sandbox,PlayStation 5,2022,1384855,87,78249385
526,Keep Very Arena,Battle Royale,PC,2024,9455243,93,574292434
527,Thus Chance Legacy,Fighting,PlayStation 5,2022,21648669,82,714558803
528,Their Expert Legacy,Sandbox,Xbox Series X,2021,23539783,88,964485476
529,Meet Professor Quest,Social Deduction,Xbox One,2022,5949036,83,197793122
530,Many News Saga,Social Deduction,PlayStation 4,2020,24522137,74,1058332137
531,About Hit Legacy,Action-RPG,PlayStation 5,2024,7809780,65,302358405
532,That Like Saga,Action-RPG,PlayStation 4,2022,7742971,81,329645142
533,Protect Country Saga,Platformer,Nintendo Switch,2015,879075,74,56693236
534,Get Two Chronicles,FPS,PlayStation 5,2018,682365,83,34121783
535,Picture Science Quest,Roguelike,Xbox Series X,2023,16479347,94,546039325
536,Real Effect Saga,FPS,Xbox Series X,2023,14227759,70,812706045
537,Herself Main Quest,Simulation,Xbox One,2015,4771427,90,223837452
538,Investment Audience Chronicles,Social Deduction,PlayStation 4,2020,22553801,91,978294258
539,Great Treatment Saga,Social Deduction,PlayStation 4,2024,23825903,94,1352007171
540,Reflect Where Quest,Battle Royale,Xbox One,2016,14733265,67,732893907
541,Available Choose Saga,Sandbox,PlayStation 5,2015,3540700,85,216572107
542,New Possible Arena,FPS,Nintendo Switch,2015,23750407,94,1654600803
543,Carry Catch Saga,MOBA,Nintendo Switch,2019,19249882,85,807752706
544,Speak Seek Quest,Fighting,PlayStation 4,2016,2002224,90,74876918
545,Think Consider Quest,Simulation,Xbox Series X,2015,18206771,91,926482637
546,Put Large Legacy,Action-RPG,PC,2016,2103521,95,87019088
547,Whose Minute Arena,Action-Adventure,PC,2016,18922119,85,945232762
548,Rather Ago Arena,Platformer,Nintendo Switch,2017,16354430,75,995242363
549,Hospital Consider Chronicles,RPG,PlayStation 4,2021,895400,80,35768808
550,Method Sometimes Saga,Fighting,PC,2022,10016428,77,485096535
551,Recent Social Chronicles,Roguelike,Xbox Series X,2015,22250757,80,1000974183
552,Keep Especially Arena,Roguelike,PC,2019,7395975,78,292280790
553,Later Rich Chronicles,Platformer,PlayStation 5,2016,3873226,82,267263339
554,Hospital Future Saga,Hero Shooter,Xbox One,2020,14640552,66,457364646
555,Actually Green Legacy,Platformer,PlayStation 4,2015,8963363,78,586211878
556,Effect Can Legacy,RPG,PlayStation 4,2021,18090730,67,897337243
557,Not Too Legacy,Roguelike,PC,2019,12465082,92,618624275
558,Because Type Chronicles,Sandbox,PlayStation 4,2023,22248269,80,1092693480
559,Star Year Chronicles,Social Deduction,PC,2023,5738978,75,191866315
560,Natural Arm Chronicles,Fighting,PC,2019,15671809,76,901330294
561,Move Learn Saga,Action-RPG,Nintendo Switch,2017,10496375,65,345151414
562,Truth Since Legacy,Roguelike,PlayStation 4,2020,21708440,75,1108089365
563,Material Phone Legacy,Action-RPG,Xbox Series X,2021,16206542,71,848677240
564,Life Party Chronicles,Metroidvania,Nintendo Switch,2024,16920684,73,1065361445
565,Peace Series Saga,RPG,Xbox One,2022,8286689,78,540971883
566,Season Across Chronicles,Metroidvania,Nintendo Switch,2015,24373818,90,1689015256
567,Arrive Will Legacy,Roguelike,PlayStation 5,2022,5697633,70,259422182
568,Cut Statement Chronicles,Social Deduction,Nintendo Switch,2017,7733709,89,233168734
569,Food Size Legacy,Action-Adventure,PC,2022,24092748,78,984627143
570,Worker Own Legacy,Hero Shooter,Xbox One,2017,9036970,93,483045627
571,Suggest Per Legacy,Metroidvania,PC,2015,7627875,77,455536908
572,Government Economy Quest,Hero Shooter,Xbox Series X,2016,11838484,92,776949321
573,Sell Every Arena,Social Deduction,PlayStation 5,2021,3235255,77,97132267
574,Speak Full Legacy,Hero Shooter,PlayStation 4,2021,18932911,77,864127440
575,Travel Shake Arena,MOBA,Nintendo Switch,2020,9834511,87,573086735
576,Black Ready Chronicles,RPG,Nintendo Switch,2020,13603716,69,763833929
577,Not Far Arena,Social Deduction,Xbox One,2022,8879608,82,584575679
578,Contain Size Arena,Roguelike,Nintendo Switch,2020,18397286,65,899361802
579,Somebody West Chronicles,Action-RPG,Xbox Series X,2015,23535179,87,852658279
580,Interesting Military Legacy,Action-Adventure,PlayStation 5,2019,8087137,74,372917364
581,Marriage Live Legacy,Battle Royale,PlayStation 5,2024,7199882,79,293078458
582,Five About Quest,Simulation,PlayStation 5,2018,13397005,65,907206184
583,Song Participant Arena,FPS,PlayStation 5,2020,10590237,84,543789770
584,Store Hair Saga,Simulation,Xbox One,2015,14334088,70,872672643
585,Send Business Arena,RPG,PlayStation 4,2019,4230233,82,186616956
586,Blue Space Saga,Metroidvania,Xbox One,2019,4247966,90,254677592
587,Chance Better Arena,Roguelike,Nintendo Switch,2022,4652428,74,149187781
588,Race Enough Arena,RPG,PlayStation 5,2016,17180693,88,541909001
589,Analysis Force Saga,Fighting,PlayStation 4,2022,9902990,88,591692650
590,Well Discussion Chronicles,Social Deduction,PlayStation 5,2016,17230205,81,556080385
591,Policy Attorney Saga,Hero Shooter,Nintendo Switch,2016,3135523,65,191036098
592,Issue Hundred Saga,Sandbox,PlayStation 5,2015,11075921,82,567004785
593,Whatever Perhaps Legacy,Platformer,Xbox Series X,2018,12651926,84,540785804
594,Base Deal Saga,MOBA,Xbox One,2019,790336,85,26710786
595,Change Help Quest,Metroidvania,PlayStation 4,2015,11981475,89,703115358
596,Walk Kid Chronicles,Fighting,Xbox Series X,2020,15665275,79,703588846
597,Cover Should Quest,Action-Adventure,PC,2015,11728780,70,670961719
598,Realize Shake Saga,Action-Adventure,PlayStation 4,2020,15828929,70,512086255
599,Feel Though Quest,Sandbox,PlayStation 5,2020,20041579,74,938039773
600,Common Near Arena,Action-RPG,PC,2016,618416,94,26666125
601,Identify Heavy Arena,Metroidvania,PC,2016,1616916,86,72540061
602,Forward Effect Chronicles,MOBA,PlayStation 4,2021,930596,83,35631124
603,Campaign Do Arena,Battle Royale,PC,2024,20140820,65,802826032
604,Number Six Saga,Platformer,Xbox Series X,2021,1861133,77,58162948
605,President Age Legacy,Platformer,PlayStation 5,2017,7637604,78,446174693
606,Change Since Chronicles,Platformer,PC,2022,1692412,84,52865827
607,Partner Wish Quest,Sandbox,PlayStation 4,2020,18176072,72,963094194
608,I Case Arena,RPG,Xbox One,2015,4864457,74,246227999
609,Common Lawyer Quest,Action-RPG,PlayStation 5,2020,2738638,72,131546372
610,Left Exist Quest,Battle Royale,Xbox One,2021,5752081,76,210994099
611,Baby Two Legacy,Simulation,Xbox One,2019,14532209,85,566233861
612,Avoid Long Legacy,Platformer,PC,2020,20208872,65,906063181
613,Approach Throughout Chronicles,Roguelike,Nintendo Switch,2016,20396263,95,1005136913
614,Individual Southern Quest,Platformer,Xbox One,2019,13199561,91,564463244
615,Dinner Pull Quest,FPS,Xbox Series X,2023,11475308,70,765299483
616,Question Score Legacy,Sandbox,Nintendo Switch,2018,10390005,67,441558944
617,Newspaper Try Legacy,Action-Adventure,PlayStation 4,2019,14349315,77,583551832
618,Among Involve Quest,Action-RPG,PlayStation 4,2016,21555866,89,1065038138
619,Market Receive Saga,Simulation,PlayStation 4,2020,7756797,69,498242939
620,Tough Cost Saga,FPS,Xbox Series X,2024,18021687,74,1092884188
621,Issue Approach Legacy,MOBA,Nintendo Switch,2020,1777719,74,65856060
622,Big Idea Arena,Action-Adventure,PlayStation 4,2020,18082706,84,1121443904
623,Anyone Leg Saga,Action-RPG,Xbox Series X,2023,11642622,81,739358777
624,Trial Huge Chronicles,FPS,Xbox Series X,2019,23145460,83,835083499
625,List Drive Quest,Action-RPG,PC,2022,12979917,83,469840047
626,Class Finally Arena,Simulation,PlayStation 4,2023,20157681,68,1303460587
627,Prepare Man Chronicles,Simulation,Xbox Series X,2016,21499544,71,1472564821
628,Else Since Saga,RPG,Nintendo Switch,2020,6103071,66,250267762
629,Mind This Saga,FPS,PlayStation 4,2019,22107921,76,766830045
630,Authority Somebody Arena,RPG,Xbox One,2024,20336496,75,697624969
631,Foreign Physical Saga,Simulation,PlayStation 4,2024,7814058,74,434717078
632,Office Miss Quest,Battle Royale,PC,2018,17194433,72,695095498
633,Environmental Relationship Quest,Platformer,Nintendo Switch,2016,11207383,85,714756909
634,Chance Win Saga,Fighting,PC,2015,16887443,71,1088472095
635,Evening Why Chronicles,Action-Adventure,Nintendo Switch,2021,24097422,73,871004912
636,About Heavy Chronicles,Action-RPG,PC,2019,23298697,83,1430676977
637,Culture Indeed Quest,FPS,Nintendo Switch,2022,18282977,90,1001439083
638,Anyone Fill Quest,Roguelike,PlayStation 4,2015,17628873,73,831473106
639,Hot Language Quest,Platformer,Nintendo Switch,2023,17855280,68,974405452
640,Ever Sense Legacy,Simulation,PlayStation 4,2016,19018185,83,576522560
641,According Reach Quest,Sandbox,Nintendo Switch,2024,18593580,73,656059207
642,Blue Though Saga,Sandbox,Nintendo Switch,2015,8440953,72,501648822
643,Serve None Quest,Action-RPG,PC,2016,610068,71,36244356
644,Cup Arrive Saga,Simulation,Nintendo Switch,2022,22110604,77,1392039597
645,Major History Arena,Fighting,Xbox One,2023,4648187,80,276671845
646,Since Around Arena,MOBA,PlayStation 5,2024,18192871,88,888254017
647,Join Enjoy Saga,FPS,PC,2016,2763432,81,138816460
648,Guy Option Quest,Battle Royale,Xbox One,2020,6963011,95,463639051
649,Machine Grow Legacy,Action-RPG,Xbox One,2023,11804368,88,595182918
650,Include Prevent Legacy,Fighting,PlayStation 5,2020,8950055,91,498543262
651,No Action Saga,Hero Shooter,Nintendo Switch,2016,21280784,72,1118263446
652,Wait Guess Legacy,RPG,Xbox One,2022,16578004,92,959148217
653,Yes Camera Chronicles,MOBA,Xbox Series X,2015,19261774,67,770734366
654,Less About Quest,Sandbox,Xbox Series X,2024,15894896,65,1023398218
655,Second Herself Chronicles,Sandbox,PC,2015,7786490,66,453828530
656,Glass Congress Chronicles,Roguelike,Nintendo Switch,2021,12350109,93,569220130
657,There Professional Quest,Action-RPG,PlayStation 4,2017,7978156,74,317032717
658,Expert Same Quest,Action-Adventure,Xbox Series X,2022,16579788,67,869623308
659,Size Fear Saga,Roguelike,Xbox One,2022,1124816,94,39483266
660,Community Color Arena,Roguelike,Xbox Series X,2019,12179752,80,459217257
661,Tough Type Chronicles,Roguelike,PlayStation 4,2023,21916043,76,1016633525
662,Run Finish Quest,Metroidvania,Xbox One,2023,23021024,78,1386031381
663,Operation Yeah Legacy,Platformer,PC,2021,13288708,65,523246848
664,Opportunity Risk Quest,RPG,PlayStation 5,2021,15575603,88,747232194
665,Inside Candidate Arena,Action-RPG,PC,2016,21413218,80,1247378735
666,Another Between Saga,Fighting,PlayStation 4,2024,6690248,87,293000324
667,Benefit Single Saga,Simulation,Xbox Series X,2018,3759420,89,123848241
668,Training Actually Legacy,Battle Royale,Nintendo Switch,2018,24383868,70,1095081042
669,She Know Quest,Social Deduction,PC,2020,16016913,80,1012748129
670,System Official Arena,Metroidvania,Xbox Series X,2022,21047770,90,1403082794
671,Partner Watch Saga,RPG,PlayStation 5,2023,1780371,67,110678371
672,Believe Tree Saga,Battle Royale,PlayStation 5,2016,17976131,89,1204840666
673,Doctor Much Quest,RPG,PlayStation 4,2016,7769924,70,421053660
674,Sense Bit Legacy,MOBA,PlayStation 5,2017,11991667,67,676893401
675,Remain Already Chronicles,Roguelike,PlayStation 4,2021,2812315,81,185020946
676,Message Public Saga,RPG,Nintendo Switch,2019,10218299,67,487300552
677,Course Official Arena,Action-Adventure,PlayStation 4,2016,3494749,95,120289274
678,Floor Garden Legacy,Platformer,Xbox One,2020,17738503,92,778652671
679,Best Life Arena,Action-RPG,PlayStation 4,2018,18167082,74,888338334
680,Why Body Arena,Fighting,PlayStation 5,2020,1806330,94,109668573
681,Then Campaign Chronicles,Action-Adventure,Xbox One,2017,21075933,65,1110067916
682,Call Take Arena,Action-RPG,Xbox Series X,2020,17896093,75,834865767
683,Soon Paper Quest,Roguelike,PC,2022,16275221,79,823288932
684,Thousand Collection Chronicles,Platformer,Xbox Series X,2021,16470663,70,928389997
685,Tree Act Saga,Battle Royale,Nintendo Switch,2023,3949892,72,266273635
686,Police Create Arena,Fighting,PC,2023,6082983,75,249281680
687,Much Would Legacy,Battle Royale,PlayStation 5,2021,19580124,84,620754687
688,Argue Go Quest,Action-Adventure,PlayStation 4,2019,8124655,68,446740298
689,Series Order Quest,RPG,Nintendo Switch,2023,588056,65,40857211
690,Stay Party Legacy,Fighting,Xbox One,2016,10287744,80,595549034
691,Scientist Specific Saga,Simulation,Nintendo Switch,2023,1207564,92,50399829
692,Must Not Quest,Action-Adventure,PlayStation 4,2020,16244050,95,943760638
693,Without American Saga,Fighting,Xbox Series X,2019,16877862,67,773539678
694,Both Director Legacy,MOBA,Xbox One,2022,24142515,88,1366343920
695,Visit Him Chronicles,Battle Royale,Xbox Series X,2016,840041,88,50101587
696,Avoid If Arena,Hero Shooter,Xbox One,2024,8660211,80,378259116
697,Your Talk Legacy,Action-Adventure,Nintendo Switch,2021,4623517,83,293145311
698,Each Chair Arena,Hero Shooter,PlayStation 4,2021,16231445,74,978501674
699,Often Many Arena,Hero Shooter,Nintendo Switch,2020,19215661,80,1188182029
700,Avoid Candidate Chronicles,RPG,Nintendo Switch,2016,19703042,88,671802396
701,Letter Follow Saga,Simulation,PC,2015,16360732,95,637347063
702,Song These Arena,Action-Adventure,Xbox One,2019,4055587,95,156844556
703,Fill Social Chronicles,Action-RPG,PlayStation 5,2019,23751910,65,1642530487
704,Here Help Chronicles,MOBA,PC,2019,19287483,88,857873766
705,Technology Change Chronicles,Hero Shooter,Xbox Series X,2017,9454785,68,474750658
706,Receive Benefit Saga,FPS,PC,2016,15111963,83,757672569
707,Effect Personal Saga,MOBA,PC,2024,19715937,74,1318438919
708,Adult Class Chronicles,Battle Royale,Xbox One,2024,9836453,67,368113051
709,Test Employee Saga,Platformer,PC,2023,19084671,78,964813870
710,Decide Dog Arena,Battle Royale,Xbox One,2021,7659949,80,459854224
711,Ok Certainly Chronicles,Action-RPG,PlayStation 5,2019,24323468,86,943599124
712,Million Build Chronicles,Simulation,Nintendo Switch,2022,12737129,95,394275811
713,Sense Tax Legacy,Metroidvania,PlayStation 5,2021,21963505,68,1283651365
714,Poor Girl Legacy,Action-RPG,PlayStation 4,2023,10037050,82,462115366
715,Work Dream Chronicles,Action-Adventure,PlayStation 5,2016,2036705,87,141041809
716,Major Seek Arena,Simulation,PlayStation 5,2023,11900838,92,775099502
717,Response Opportunity Quest,Fighting,PC,2020,19414831,87,1353327671
718,Serve National Arena,Action-Adventure,Nintendo Switch,2016,1078174,85,57368847
719,Into Arrive Quest,Hero Shooter,PlayStation 4,2017,18266950,89,737959936
720,Yet North Saga,Metroidvania,PlayStation 5,2018,1550494,76,106965683
721,Network Speech Quest,Simulation,PC,2016,8281448,93,405298607
722,Land Live Chronicles,RPG,PlayStation 4,2023,21902111,67,888736040
723,Vote Opportunity Legacy,Hero Shooter,Xbox One,2024,10518029,69,362623929
724,Senior Series Quest,Hero Shooter,Nintendo Switch,2024,14849886,95,525031793
725,In Of Chronicles,MOBA,PlayStation 5,2023,1954514,95,104743135
726,Black Traditional Arena,Social Deduction,PlayStation 4,2018,2710699,75,89648583
727,Door Experience Arena,FPS,Xbox One,2021,14866314,94,792313107
728,Theory Near Arena,Action-RPG,Xbox Series X,2019,21433600,79,1107155931
729,Image Life Arena,Action-Adventure,PlayStation 5,2020,18175927,86,1239901394
730,Dark Player Quest,Simulation,PC,2021,13598285,69,513617373
731,World School Quest,Social Deduction,Nintendo Switch,2022,20385221,65,1370285492
732,Resource Dark Legacy,Roguelike,PlayStation 5,2024,12561533,72,564958368
733,Along Sea Saga,Platformer,Nintendo Switch,2022,10137161,70,678510704
734,Actually Rest Saga,Battle Royale,PlayStation 4,2023,13514088,76,824782549
735,Apply Rise Saga,Platformer,Xbox Series X,2018,15505713,74,708075323
736,Population Including Chronicles,Fighting,PlayStation 4,2017,18966510,85,709697889
737,Feeling As Quest,Sandbox,PlayStation 4,2022,15157478,67,509212025
738,Risk Structure Legacy,Sandbox,PlayStation 4,2022,15499084,86,963948929
739,General Technology Arena,Fighting,PlayStation 5,2020,22139458,88,1191440624
740,People Thus Saga,Battle Royale,Xbox Series X,2018,13618881,71,456332259
741,Test Service Legacy,Platformer,PlayStation 4,2019,20597462,88,1020556776
742,Real Maintain Chronicles,Platformer,PlayStation 4,2020,8741679,67,455937793
743,Carry Person Quest,Simulation,PC,2022,22473546,88,753051693
744,Four Paper Arena,Simulation,PlayStation 5,2016,15555271,70,1088060569
745,Region Three Arena,MOBA,Xbox One,2018,20384386,95,1334539605
746,Approach Set Chronicles,Fighting,Xbox Series X,2020,22442114,73,977305521
747,One Standard Saga,Fighting,PlayStation 4,2018,20048620,91,1263861150
748,Reason Whatever Quest,Hero Shooter,Xbox Series X,2015,15918442,91,864172752
749,Itself White Saga,Sandbox,PC,2020,13204149,84,755785525
750,Free Yard Arena,Social Deduction,PlayStation 5,2018,5906945,85,224908998
751,Improve Blue Chronicles,Social Deduction,PlayStation 5,2021,3409973,72,200241548
752,Training Late Saga,Social Deduction,PC,2019,18273803,94,1096331063
753,Audience Teacher Chronicles,Action-Adventure,PC,2015,20899276,77,867500483
754,Reason Clear Legacy,RPG,PlayStation 4,2017,17433538,85,595654524
755,Fish American Quest,RPG,Nintendo Switch,2022,6238826,70,291163437
756,Clearly Read Legacy,Sandbox,PC,2021,1288136,73,54985047
757,Finally Remain Legacy,Action-RPG,PlayStation 4,2020,13789098,77,801498962
758,Newspaper Company Legacy,Social Deduction,Nintendo Switch,2024,5798489,65,322267342
759,Half Newspaper Saga,Action-Adventure,Nintendo Switch,2024,15335320,81,565952454
760,Film Public Legacy,Fighting,Nintendo Switch,2015,9617315,71,377093999
761,Represent They Chronicles,Metroidvania,PC,2016,18923953,75,1058896011
762,Well Career Quest,Metroidvania,Xbox One,2016,15295779,74,719154741
763,Move Arm Quest,Action-RPG,Nintendo Switch,2015,5831596,80,230576788
764,Entire Then Arena,Metroidvania,PlayStation 4,2022,22473937,77,1507461654
765,People Time Saga,Hero Shooter,Xbox One,2020,18195023,80,1258273759
766,Tv Him Chronicles,Roguelike,PlayStation 4,2024,12908312,78,743607854
767,House Thank Chronicles,RPG,Nintendo Switch,2022,8729049,84,346234642
768,Stock Ground Legacy,MOBA,PlayStation 5,2016,22375876,92,980970308
769,The Blood Quest,Battle Royale,Xbox Series X,2023,23670022,70,1016869784
770,State Research Saga,Platformer,Xbox Series X,2022,3236441,79,115800579
771,Teach Specific Chronicles,Social Deduction,PlayStation 5,2022,19102206,90,650664931
772,Foot Last Chronicles,Hero Shooter,PlayStation 4,2017,12518000,81,724446443
773,Film Indeed Quest,FPS,Xbox Series X,2016,16148820,91,1090896010
774,Activity Blue Chronicles,Platformer,PlayStation 4,2018,23536812,73,1546497988
775,Maybe Within Chronicles,FPS,Xbox One,2019,19226266,91,1140402819
776,From Employee Saga,Social Deduction,Nintendo Switch,2015,12787236,68,588720447
777,Party According Arena,RPG,Xbox Series X,2015,15255514,94,1022153112
778,Try Explain Quest,Hero Shooter,PC,2024,2647649,68,94188539
779,Economic Improve Saga,Action-RPG,Xbox One,2024,23688094,81,909886215
780,However Almost Saga,Roguelike,PC,2023,23965123,68,1137695522
781,Away Around Chronicles,Social Deduction,PC,2018,1710562,87,96610973
782,Itself Buy Quest,Metroidvania,Xbox Series X,2015,14566250,92,757042225
783,Western To Arena,Metroidvania,Nintendo Switch,2021,9777691,80,483685576
784,Police Yourself Quest,Battle Royale,PlayStation 5,2015,24079252,70,990701404
785,Each President Saga,Fighting,PlayStation 5,2019,17130147,92,652683224
786,Such Table Chronicles,MOBA,Nintendo Switch,2023,19471556,70,1324572986
787,Series Truth Chronicles,FPS,Xbox One,2017,17826429,75,861003477
788,Beyond Go Chronicles,Platformer,Xbox One,2017,5631013,94,354233654
789,White Agent Legacy,Roguelike,PC,2019,10949335,68,696442952
790,Public Federal Arena,Battle Royale,PlayStation 4,2017,15505331,73,486795225
791,Book Personal Arena,Platformer,Nintendo Switch,2023,1607911,91,72427498
792,Billion Of Saga,Hero Shooter,PlayStation 5,2015,4651324,84,280790591
793,Animal Fine Legacy,Hero Shooter,Xbox One,2022,6053006,93,300332588
794,Group Institution Quest,Sandbox,PlayStation 4,2019,3547586,73,235603760
795,Society Season Arena,Action-Adventure,Xbox One,2019,17920136,95,740829585
796,Game Trial Arena,Metroidvania,Nintendo Switch,2020,16302147,80,754472657
797,Moment Party Arena,Action-Adventure,PC,2018,13857803,84,694251799
798,Community Factor Legacy,Fighting,Xbox One,2016,1617012,65,65978002
799,Woman Dog Quest,Simulation,Nintendo Switch,2024,23635046,68,1374835340
800,Message Yourself Saga,Metroidvania,PC,2017,10869608,85,749191587
801,They Serve Chronicles,RPG,PlayStation 4,2020,1871115,72,121242033
802,Enter If Arena,Simulation,Xbox Series X,2022,11655955,69,694894509
803,Garden Training Arena,Action-Adventure,Nintendo Switch,2022,17166842,71,996528691
804,He Government Saga,Social Deduction,Nintendo Switch,2022,12615200,81,556116863
805,Collection Notice Saga,Simulation,PlayStation 5,2016,15592718,69,945696737
806,Artist Production Legacy,Battle Royale,Nintendo Switch,2015,17328110,85,608870715
807,Money Whether Saga,Sandbox,PlayStation 4,2016,13476030,77,667672125
808,School Room Saga,Simulation,Xbox One,2022,7106352,71,271636729
809,Tax Talk Saga,Simulation,Xbox Series X,2015,13107383,73,839602135
810,Degree Item Saga,Platformer,Xbox One,2019,6048031,95,199755090
811,Board Natural Arena,Battle Royale,Xbox One,2019,22886361,70,1092320339
812,Edge Far Chronicles,Roguelike,PlayStation 4,2016,2239239,82,152203163
813,Between Wear Quest,Roguelike,Xbox One,2015,23708010,84,1100639024
814,Music House Legacy,FPS,PlayStation 4,2015,23853382,69,1607364792
815,About Agency Quest,Metroidvania,PlayStation 5,2020,24450832,77,1702521801
816,Usually Writer Legacy,Action-Adventure,Nintendo Switch,2018,12005912,87,494224397
817,Will Perhaps Legacy,MOBA,Xbox One,2024,2034477,79,122693605
818,Inside Father Chronicles,Simulation,PC,2019,12089274,67,663232212
819,National Baby Chronicles,Metroidvania,PC,2023,20836991,83,756816080
820,Action Sure Quest,MOBA,Xbox Series X,2021,4288834,72,181877056
821,Wish Physical Saga,Fighting,Nintendo Switch,2018,19107131,77,678153903
822,Role Actually Arena,RPG,PlayStation 4,2020,15687620,92,1051067626
823,Mr Development Saga,Roguelike,Xbox One,2022,19966128,89,1378054063
824,Last Manager Arena,FPS,Xbox Series X,2021,21824773,72,1314020114
825,Future Yeah Quest,Hero Shooter,PC,2020,16314936,93,735438889
826,Nice Result Quest,Sandbox,PlayStation 4,2016,11750488,73,405286884
827,Think Several Arena,Metroidvania,Xbox One,2015,12574118,87,427481904
828,Language Sell Quest,Roguelike,Xbox One,2015,18018604,78,1082281637
829,Enough Surface Legacy,Hero Shooter,PlayStation 4,2017,5819952,70,327214100
830,Yourself Run Arena,Simulation,PlayStation 4,2022,3714779,73,185808258
831,Life Teacher Arena,Hero Shooter,Xbox One,2018,21355713,92,1300308425
832,Traditional Southern Saga,Social Deduction,Nintendo Switch,2021,11221698,76,480111482
833,Stop Difficult Chronicles,Simulation,Nintendo Switch,2019,2332682,73,162700949
834,Industry Interesting Chronicles,Sandbox,Xbox One,2016,5623888,84,278607836
835,Particular Help Saga,Roguelike,Xbox One,2016,20104296,88,1065017991
836,Generation Eat Quest,Platformer,Xbox One,2023,24588806,66,761232537
837,Able Gas Saga,Battle Royale,Xbox Series X,2019,17474663,82,681635496
838,Civil Industry Saga,Roguelike,PlayStation 4,2019,23299845,92,703590633
839,Western Point Chronicles,Battle Royale,PlayStation 5,2016,22285218,70,1080303005
840,Pressure Sure Legacy,Metroidvania,PlayStation 5,2017,24448380,93,1043063595
841,All Cut Arena,MOBA,Xbox Series X,2021,13553557,78,755310037
842,Different Newspaper Saga,Hero Shooter,Xbox One,2021,14782495,70,845681687
843,Above Against Chronicles,Action-Adventure,Nintendo Switch,2021,22562153,66,1071874710
844,Hand Above Quest,Roguelike,Xbox Series X,2022,15667310,88,682435779
845,World Follow Saga,Social Deduction,PlayStation 4,2016,23743638,92,1077393857
846,How Turn Saga,Platformer,Xbox One,2016,1572772,86,69634709
847,Region Your Arena,Simulation,Xbox One,2024,6761605,78,435997035
848,Several Inside Chronicles,Metroidvania,Xbox One,2016,14830010,90,655240497
849,Choice Need Arena,Social Deduction,PlayStation 5,2020,19006037,73,582152541
850,Plan Pm Chronicles,Hero Shooter,PlayStation 5,2021,11575487,65,647956854
851,Its Sit Chronicles,Action-Adventure,PlayStation 4,2016,23305562,71,857595899
852,Perhaps Face Chronicles,Action-Adventure,Xbox One,2022,3872178,85,130323246
853,Chair Painting Legacy,Simulation,PlayStation 5,2024,12432415,76,767369032
854,However Out Chronicles,Sandbox,PC,2016,10556589,77,366193309
855,Itself World Legacy,Metroidvania,Xbox Series X,2016,20866313,68,1160960089
856,Direction Hundred Chronicles,MOBA,PlayStation 5,2024,19647609,80,957370719
857,A System Saga,Fighting,Xbox Series X,2016,21342080,81,796311548
858,Kid Billion Saga,FPS,PlayStation 4,2018,3035105,88,199591594
859,Speech Police Saga,Sandbox,PlayStation 4,2017,15622390,85,694446874
860,Light Glass Arena,Fighting,Xbox One,2019,12056072,89,615998422
861,Well These Quest,Action-Adventure,PlayStation 4,2020,9785149,67,576728290
862,Nice Sea Arena,Fighting,Nintendo Switch,2020,13346844,93,781245012
863,Through Wall Arena,Action-RPG,Xbox Series X,2020,19101803,86,620374972
864,Their Majority Arena,Battle Royale,Xbox One,2023,2536881,70,111990932
865,Nearly Time Quest,MOBA,PlayStation 5,2023,17365822,78,1083626552
866,Major Bag Saga,Simulation,PC,2016,22527586,74,1104407014
867,Fly East Chronicles,MOBA,PC,2015,9853472,84,380281662
868,Same Impact Legacy,Social Deduction,PlayStation 5,2020,23704718,76,1003617274
869,Early Girl Legacy,Platformer,Xbox One,2015,20480069,71,1349617400
870,Someone Then Quest,FPS,PlayStation 5,2015,13555637,80,533245682
871,Establish South Arena,FPS,PlayStation 4,2022,8264032,67,275368943
872,Rather Behind Quest,Battle Royale,PC,2023,14816521,68,535553017
873,Effect Billion Arena,Platformer,Xbox Series X,2024,9740963,79,550522259
874,Wait Table Arena,RPG,PlayStation 4,2017,11647087,90,807518701
875,Example Wife Saga,Battle Royale,Xbox One,2018,4467109,82,218708322
876,Similar Kid Saga,Sandbox,Xbox One,2019,1025862,75,64368720
877,Receive Painting Chronicles,Platformer,Xbox One,2019,22092378,65,1491967159
878,Five Democratic Quest,Metroidvania,Nintendo Switch,2018,22287381,95,1176703507
879,Day Traditional Legacy,Hero Shooter,Xbox Series X,2020,22610136,70,1466990936
880,By News Legacy,FPS,Xbox One,2020,17647101,79,684766493
881,Strategy Kind Quest,Social Deduction,PlayStation 4,2022,2608869,68,120987583
882,Oil It Legacy,Battle Royale,Xbox One,2019,3760587,91,184047154
883,Source Best Chronicles,Platformer,Nintendo Switch,2020,21295692,80,1289909968
884,Agency Scientist Chronicles,Fighting,Nintendo Switch,2017,19013487,84,1091902275
885,Despite Minute Chronicles,Battle Royale,PC,2017,4795029,88,222860702
886,Check Significant Quest,Social Deduction,Xbox One,2023,20276048,94,1296130093
887,Receive Nation Legacy,Battle Royale,Xbox One,2016,24477759,91,1004265537
888,Gas Accept Arena,Metroidvania,PC,2024,9701409,73,389234474
889,Player Wish Legacy,RPG,Nintendo Switch,2021,14588710,77,704068249
890,Risk Stop Quest,Action-Adventure,PC,2021,21481163,68,974987317
891,Tend Simple Arena,Sandbox,Xbox One,2022,1352428,82,53525808
892,But Foot Arena,Hero Shooter,Nintendo Switch,2024,21168178,84,1371175868
893,According Area Chronicles,Platformer,PlayStation 5,2016,16045040,65,486102447
894,Indeed I Chronicles,FPS,PlayStation 5,2023,10531324,87,363043781
895,Space Measure Legacy,Battle Royale,PlayStation 5,2024,3643105,94,199853655
896,Look Into Chronicles,Action-Adventure,Xbox One,2024,6706431,82,238558367
897,Scientist Draw Saga,Hero Shooter,PC,2022,14005616,83,942475882
898,Man Wide Chronicles,MOBA,PlayStation 5,2016,1903808,70,62504953
899,Though Manager Chronicles,Platformer,PlayStation 5,2016,721220,67,32300429
900,Nearly Property Chronicles,FPS,PlayStation 4,2021,3930196,86,161588207
901,Five Set Saga,Metroidvania,PlayStation 5,2017,17440288,71,820971246
902,Challenge Second Arena,Simulation,Nintendo Switch,2021,4515436,82,213536300
903,Party High Arena,Action-Adventure,PC,2017,24786260,68,1639196396
904,Investment They Quest,Action-Adventure,PlayStation 5,2024,15217663,80,1008353007
905,Leave Great Quest,FPS,Xbox Series X,2018,23590413,84,1071907771
906,Many View Legacy,Platformer,Xbox Series X,2019,16383240,86,948588941
907,Share Wonder Quest,Platformer,PC,2021,2846546,84,103166134
908,Bank Hold Quest,Battle Royale,PlayStation 4,2019,2265248,71,146018190
909,Notice Degree Quest,Sandbox,Nintendo Switch,2018,12070958,90,452112083
910,Challenge Type Arena,FPS,PlayStation 4,2023,16745242,67,549893041
911,Trade Modern Legacy,FPS,PlayStation 4,2019,10454562,65,502719427
912,Suddenly Term Quest,FPS,Xbox Series X,2022,5865312,76,191992159
913,Strategy Benefit Quest,FPS,Xbox Series X,2020,3974025,89,265713319
914,Morning End Quest,Sandbox,Nintendo Switch,2017,9687567,66,557110220
915,Southern Why Legacy,Action-RPG,Nintendo Switch,2018,1289419,87,72996285
916,Relationship Baby Saga,Battle Royale,PlayStation 4,2018,14621074,73,763351123
917,Off System Chronicles,Metroidvania,Xbox Series X,2022,18214911,73,630796887
918,Defense Customer Chronicles,MOBA,PlayStation 5,2024,21713914,67,819213604
919,Threat Alone Quest,FPS,Nintendo Switch,2015,14945965,93,1015173914
920,What Story Arena,RPG,PlayStation 4,2021,6080662,86,343746487
921,Drop Become Chronicles,Hero Shooter,PC,2022,2873404,86,199688828
922,Girl Maybe Legacy,Action-Adventure,Nintendo Switch,2024,7728363,66,519383623
923,Red Will Legacy,Social Deduction,Xbox One,2024,9971368,79,408324226
924,Beat Heart Legacy,Action-Adventure,Xbox One,2016,21670460,94,832830025
925,Stock Seem Saga,RPG,Xbox One,2024,22870106,93,1583352216
926,Raise War Saga,Social Deduction,PlayStation 4,2019,19041868,65,1146697667
927,Draw Yard Chronicles,Hero Shooter,Nintendo Switch,2019,16170936,88,503502736
928,Need Attorney Arena,Battle Royale,PC,2019,5108043,73,225006559
929,Political Certain Saga,MOBA,PC,2021,23386799,79,1035674357
930,Teach Election Quest,Platformer,Xbox Series X,2016,678072,95,28183824
931,Head Story Chronicles,Sandbox,PlayStation 4,2015,17034309,83,1120021282
932,Learn Ok Legacy,Hero Shooter,PlayStation 5,2019,2203491,82,117258838
933,Though Money Chronicles,RPG,PC,2019,4512361,73,147007292
934,Staff Apply Saga,Fighting,PC,2021,17904999,87,674964327
935,Finish Drug Saga,Sandbox,PlayStation 5,2016,16034136,93,767024521
936,Late Include Legacy,Battle Royale,Xbox Series X,2017,20423222,72,1142587303
937,Draw Conference Quest,Social Deduction,PC,2018,5613890,79,371523027
938,Opportunity Toward Saga,Metroidvania,PlayStation 4,2016,15075849,78,995830531
939,Night Especially Arena,Platformer,PC,2023,1107224,68,47119806
940,Brother Old Chronicles,Sandbox,PlayStation 4,2021,13317854,95,522963317
941,Position Mind Saga,Platformer,PC,2023,8020041,92,465280883
942,Just Stop Arena,Social Deduction,PC,2022,22191206,75,1416569713
943,Free Although Quest,Action-Adventure,PlayStation 5,2023,15173772,77,934405910
944,Determine Chair Quest,Fighting,PlayStation 4,2016,8261945,85,312015889
945,Everything Once Saga,Simulation,PlayStation 4,2023,8844522,67,551239684
946,Food City Chronicles,Metroidvania,Nintendo Switch,2016,12857751,77,464929530
947,What Building Quest,Simulation,Nintendo Switch,2022,14027174,70,746173822
948,Arm Time Legacy,Simulation,PlayStation 4,2017,15819485,74,762004925
949,Director Right Saga,FPS,Xbox One,2017,15250813,65,873334507
950,Nor Family Chronicles,Simulation,Nintendo Switch,2023,5083336,90,299124229
951,South Because Quest,Platformer,PlayStation 4,2017,1472981,88,85765490
952,Now Yes Quest,Roguelike,Xbox Series X,2017,14072052,67,603881950
953,Note Area Chronicles,Social Deduction,Nintendo Switch,2024,14983903,83,628364132
954,Language History Legacy,Simulation,PlayStation 5,2015,7870798,95,459705583
955,Majority Continue Legacy,MOBA,PC,2017,5075969,85,159002663
956,Area There Arena,Hero Shooter,Xbox Series X,2021,11244604,65,562338607
957,Born Present Quest,Hero Shooter,PlayStation 5,2024,15579765,70,617451333
958,Hit Pull Legacy,Battle Royale,Xbox Series X,2017,9989562,79,363098642
959,Scientist Approach Saga,Battle Royale,Xbox Series X,2020,4489093,86,284089299
960,Whatever Administration Arena,Action-RPG,PC,2019,20771109,86,1067307779
961,Smile Economic Chronicles,Social Deduction,PC,2024,9234532,79,638156229
962,Carry Yourself Arena,MOBA,Xbox Series X,2015,9028473,91,482791507
963,Four Affect Arena,RPG,PlayStation 4,2015,18023865,70,781670069
964,Return Respond Chronicles,Action-RPG,Xbox One,2020,6520000,89,261883358
965,Mrs Benefit Legacy,RPG,Nintendo Switch,2024,4446696,81,301947082
966,International Feeling Chronicles,MOBA,Nintendo Switch,2017,12962166,93,587155185
967,List Somebody Chronicles,Hero Shooter,PlayStation 4,2019,20994884,74,1232483777
968,Particularly Language Chronicles,FPS,Nintendo Switch,2021,20256124,95,1081578734
969,Audience Kid Arena,Metroidvania,PlayStation 4,2017,24212564,76,1317413866
970,Mission Reality Saga,Hero Shooter,Xbox Series X,2017,8475546,81,256569846
971,Question Fight Legacy,Fighting,PlayStation 4,2015,10575322,78,475673378
972,Tell Material Saga,Metroidvania,PlayStation 5,2020,2839760,90,99151172
973,Interview Meeting Quest,RPG,Nintendo Switch,2024,24472162,77,1512198514
974,Fall Shoulder Legacy,Social Deduction,Xbox Series X,2015,23418110,74,1302927510
975,Agency Feeling Arena,RPG,Nintendo Switch,2018,21699338,92,770612253
976,Across Nation Saga,RPG,PlayStation 5,2022,7808182,86,373350813
977,The Source Legacy,Social Deduction,Nintendo Switch,2015,18866199,76,1078475941
978,About Significant Legacy,Platformer,Xbox One,2022,21228990,75,820516586
979,Challenge Fire Chronicles,Roguelike,Xbox One,2016,23784172,78,1442540291
980,Thus Green Chronicles,MOBA,PlayStation 5,2024,1586407,82,94935448
981,Baby Would Chronicles,Action-RPG,PC,2017,18466534,68,671202539
982,Chance Treatment Arena,Social Deduction,Xbox One,2023,678550,80,30111309
983,Such Product Arena,Roguelike,Xbox Series X,2016,7928359,66,338883081
984,New Remember Chronicles,FPS,Xbox Series X,2024,7077518,67,290779299
985,Officer Material Arena,MOBA,Xbox One,2017,9230816,91,462861015
986,Condition Democrat Arena,Battle Royale,PlayStation 5,2024,12518440,67,632573457
987,Blood Detail Chronicles,Hero Shooter,PlayStation 4,2018,16844352,82,722363556
988,Bring Feeling Saga,Battle Royale,Nintendo Switch,2020,8111118,83,359209632
989,Each Consider Legacy,MOBA,Xbox One,2017,5748202,69,286694046
990,Maintain Apply Arena,Action-RPG,PlayStation 5,2023,22332585,70,785637639
991,Along Live Quest,Hero Shooter,Nintendo Switch,2018,21612641,77,1152384443
992,Those Item Saga,Metroidvania,PlayStation 5,2023,5606244,93,226929844
993,Kitchen Say Arena,Platformer,PC,2019,10321490,79,336762851
994,Western Four Arena,Sandbox,PlayStation 4,2021,13459440,73,507082465
995,Anything Focus Quest,Social Deduction,Xbox Series X,2017,22429503,70,1496190386
996,Top Conference Arena,Social Deduction,PC,2023,14560367,95,759769508
997,Experience Today Arena,Metroidvania,PlayStation 5,2021,2749764,66,126612778
998,Form Medical Legacy,Sandbox,Nintendo Switch,2021,19151078,93,774099651
999,Budget Mother Saga,Metroidvania,Nintendo Switch,2023,6953614,73,234322405
1000,Enter Soldier Chronicles,Action-Adventure,PC,2023,9301079,79,592969550
